{
  "mods": [
    {
      "enabled": true,
      "installTime": "2025-03-07T19:23:15.707722100Z",
      "fullName": "BepInEx-BepInExPack-5.4.2100",
      "packageUuid": "b9a5a1bd-81d8-4913-a46e-70ca7734628c",
      "versionUuid": "fa43c8b1-94dc-4df1-bd06-9fe607d4c7ff"
    },
    {
      "enabled": true,
      "installTime": "2025-03-07T19:23:15.714171600Z",
      "fullName": "zelofi-MorePlayers-1.0.4",
      "packageUuid": "314ee94e-08f3-4c0c-a732-8b439ed48445",
      "versionUuid": "aecd4852-0a37-4a5c-bd5a-51ccb6d4c3c9"
    },
    {
      "enabled": true,
      "installTime": "2025-03-07T19:23:23.761602300Z",
      "fullName": "x753_REPO-CustomColors-1.1.0",
      "packageUuid": "abd4b65b-6293-446b-ab85-e727dd5d2b52",
      "versionUuid": "0a9c9397-ec09-4614-9f36-f11a1c55ff7b"
    },
    {
      "enabled": true,
      "installTime": "2025-03-08T09:36:09.600417200Z",
      "fullName": "nickklmao-FreecamSpectate-1.0.2",
      "packageUuid": "3df38414-9964-472f-a4bc-03c833a29709",
      "versionUuid": "411235b7-ccd9-4021-a9c2-f64df2da5434"
    },
    {
      "enabled": true,
      "installTime": "2025-03-08T14:10:49.452352300Z",
      "fullName": "nickklmao-REPOConfig-1.1.6",
      "packageUuid": "d4861c50-c6d4-4d00-85db-3027b513631e",
      "versionUuid": "214b8fa6-46ea-4c16-a243-a2715b2bebfa"
    },
    {
      "enabled": true,
      "installTime": "2025-03-08T14:10:49.455436700Z",
      "fullName": "Lazarus-BetterTruckHeals-1.2.0",
      "packageUuid": "26352afb-8ccf-436d-9c92-385f1647600f",
      "versionUuid": "f1927229-1224-40e7-83a8-696436f7a601"
    },
    {
      "enabled": true,
      "installTime": "2025-03-08T18:46:07.794144600Z",
      "fullName": "nickklmao-MenuLib-1.0.5",
      "packageUuid": "d24f689d-cfd4-41ab-ada9-c5a5756fc74e",
      "versionUuid": "d98336d8-35f9-450b-bf84-f8733bbd580a"
    },
    {
      "enabled": true,
      "installTime": "2025-03-09T07:33:48.341296600Z",
      "fullName": "prxphet-BetterTumble-1.0.3",
      "packageUuid": "6e47cba3-a644-45d7-8970-43685582d5b7",
      "versionUuid": "63847823-6bed-4306-bb30-3116d7b0e0a9"
    },
    {
      "enabled": true,
      "installTime": "2025-03-11T09:52:11.745985200Z",
      "fullName": "Rebateman-LateJoin-0.1.2",
      "packageUuid": "2ac7dd09-5cdb-4fef-990c-e898e81e2987",
      "versionUuid": "63b7acca-04ee-4bba-b1fd-3a450ae2ae46"
    },
    {
      "enabled": true,
      "installTime": "2025-03-20T10:56:55.886631200Z",
      "fullName": "YMC_MHZ-MoreHead-1.2.7",
      "packageUuid": "0f9a5241-60bf-4741-879c-dc0ec089606a",
      "versionUuid": "4acbe48b-16f0-4829-b70f-75ba063227bd"
    },
    {
      "enabled": true,
      "installTime": "2025-03-20T10:57:07.097046100Z",
      "fullName": "eth9n-Mimic-1.0.5",
      "packageUuid": "92086585-715c-427d-8c24-4c165ccca28f",
      "versionUuid": "79d95868-ccb6-45a6-83fa-1b0eab5cde8e"
    },
    {
      "enabled": true,
      "installTime": "2025-03-20T10:57:36.036423300Z",
      "fullName": "CoddingCat-ToggleMute-0.0.9",
      "packageUuid": "874d72ab-b7d0-4da4-b519-64ab60a236a5",
      "versionUuid": "65f716d1-1306-4148-a2c2-77981ee10a42"
    },
    {
      "enabled": true,
      "installTime": "2025-03-20T10:57:46.881533500Z",
      "fullName": "Hattorius-PostLevelSummary-1.1.1",
      "packageUuid": "99262e19-9772-49cb-8ec3-e1fca0119ab3",
      "versionUuid": "482b99b4-8621-423d-a443-a5d9947287bc"
    },
    {
      "enabled": true,
      "installTime": "2025-03-20T10:58:40.942746400Z",
      "fullName": "Danos-REPOStats-0.5.3",
      "packageUuid": "b925ffed-6b34-4d99-980a-25ca48cb2cdf",
      "versionUuid": "44efede6-75f1-4a15-951e-8467d6f4e71e"
    },
    {
      "enabled": true,
      "installTime": "2025-03-20T10:58:48.714431600Z",
      "fullName": "nickklmao-PlayerCount-1.0.0",
      "packageUuid": "af98c4ad-3534-430d-99c9-fa00b2d6545a",
      "versionUuid": "4f55ed55-5aa1-49f2-bf2e-2bf6faf6b251"
    },
    {
      "enabled": true,
      "installTime": "2025-03-20T10:58:58.184750200Z",
      "fullName": "linkoid-DarkRepo-1.2.0",
      "packageUuid": "2c84157f-2753-426a-abf6-27e18c221462",
      "versionUuid": "c33323af-62b5-4196-adcd-d2d8fa5bd388"
    },
    {
      "enabled": true,
      "installTime": "2025-03-20T11:02:50.884892100Z",
      "name": "REPO_Traditional_Chinese",
      "icon": "C:\\Users\\a9904\\AppData\\Roaming\\com.kesomannen.gale\\repo\\profiles\\16+ Player Pack\\BepInEx/plugins\\REPO_Traditional_Chinese\\icon.png",
      "author": null,
      "description": "[R.E.P.O. 狐Kon 的繁體中文化]",
      "version": "1.0.7",
      "dependencies": [
        "BepInEx-BepInExPack-5.4.2100"
      ],
      "uuid": "cf77bbc8-05a2-441e-a0d9-240a948e999f",
      "fileSize": 6801882
    },
    {
      "enabled": true,
      "installTime": "2025-03-20T11:26:19.360900100Z",
      "fullName": "ironbean-LevelNumberUI-1.0.0",
      "packageUuid": "af67ab99-0a8b-4b81-971a-f31f6981fa0a",
      "versionUuid": "4d6233d1-7418-4ec4-922a-e96027304a03"
    }
  ],
  "modpack": {
    "name": "16+PlayerPack",
    "description": "",
    "author": "",
    "categories": [],
    "nsfw": false,
    "readme": "# 16+ Player Pack\n\n",
    "changelog": "# Changelog\n\n## 1.0.0\n\n- Initial release",
    "versionNumber": "1.0.0",
    "iconPath": "",
    "websiteUrl": "",
    "includeDisabled": false,
    "includeFileMap": {
      "BepInEx\\config\\Lazarus.BetterTruckHeals.cfg": true,
      "BepInEx\\config\\gravydevsupreme.xunity.resourceredirector.cfg": true,
      "BepInEx\\config\\prxphet.BetterTumble.cfg": true,
      "BepInEx\\config\\zh-TW\\Text\\item.txt": true,
      "BepInEx\\config\\AutoTranslatorConfig.ini": true,
      "BepInEx\\core\\MonoMod.RuntimeDetour.xml": true,
      "BepInEx\\config\\zelofi.MorePlayers.cfg": true,
      "BepInEx\\config\\REPOLib.cfg": true,
      "BepInEx\\core\\BepInEx.Preloader.xml": true,
      "BepInEx\\config\\zh-TW\\Text\\_Postprocessors.txt": true,
      "BepInEx\\core\\0Harmony.xml": true,
      "BepInEx\\core\\MonoMod.Utils.xml": true,
      "BepInEx\\config\\zh-TW\\Text\\game.txt": true,
      "BepInEx\\config\\Linkoid.Repo.DarkRepo.cfg": true,
      "BepInEx\\config\\soundedsquash.togglemute.cfg": true,
      "BepInEx\\config\\BepInEx.cfg": true,
      "BepInEx\\plugins\\Danos-REPOStats\\REPOStatsPrivacyResponse.txt": true,
      "BepInEx\\config\\com.coddingcat.togglemute.cfg": true,
      "BepInEx\\core\\BepInEx.xml": true,
      "BepInEx\\config\\lekakid.universalfontpatcher.cfg": true,
      "BepInEx\\config\\zh-TW\\Text\\UI.txt": true,
      "BepInEx\\config\\zh-TW\\Text\\_Preprocessors.txt": true,
      "BepInEx\\config\\zh-TW\\Text\\mods.txt": true,
      "BepInEx\\config\\zh-TW\\Text\\Menu.txt": true,
      "BepInEx\\core\\BepInEx.Harmony.xml": true,
      "BepInEx\\config\\nickklmao.repoconfig.cfg": true,
      "BepInEx\\config\\zh-TW\\Text\\_Substitutions.txt": true,
      "BepInEx\\config\\Mimics.cfg": true
    }
  },
  "ignoredUpdates": []
}